<resources>
    <color name="md_theme_primary">#655D52</color>
    <color name="md_theme_onPrimary">#FFFFFF</color>
    <color name="md_theme_primaryContainer">#F0E5D7</color>
    <color name="md_theme_onPrimaryContainer">#6D665B</color>
    <color name="md_theme_secondary">#182132</color>
    <color name="md_theme_onSecondary">#FFFFFF</color>
    <color name="md_theme_secondaryContainer">#2D3648</color>
    <color name="md_theme_onSecondaryContainer">#969FB5</color>
    <color name="md_theme_tertiary">#525252</color>
    <color name="md_theme_onTertiary">#FFFFFF</color>
    <color name="md_theme_tertiaryContainer">#6A6A6A</color>
    <color name="md_theme_onTertiaryContainer">#EDEBEB</color>
    <color name="md_theme_error">#BA1A1A</color>
    <color name="md_theme_onError">#FFFFFF</color>
    <color name="md_theme_errorContainer">#FFDAD6</color>
    <color name="md_theme_onErrorContainer">#93000A</color>
    <color name="md_theme_background">#FDF8F6</color>
    <color name="md_theme_onBackground">#1C1B1A</color>
    <color name="md_theme_surface">#FDF8F6</color>
    <color name="md_theme_onSurface">#1C1B1A</color>
    <color name="md_theme_surfaceVariant">#EAE1D7</color>
    <color name="md_theme_onSurfaceVariant">#4B463E</color>
    <color name="md_theme_outline">#7D766D</color>
    <color name="md_theme_outlineVariant">#CEC5BB</color>
    <color name="md_theme_scrim">#000000</color>
    <color name="md_theme_inverseSurface">#32302F</color>
    <color name="md_theme_inverseOnSurface">#F5F0EE</color>
    <color name="md_theme_inversePrimary">#CFC5B8</color>
    <color name="md_theme_primaryFixed">#ECE1D3</color>
    <color name="md_theme_onPrimaryFixed">#201B12</color>
    <color name="md_theme_primaryFixedDim">#CFC5B8</color>
    <color name="md_theme_onPrimaryFixedVariant">#4C463C</color>
    <color name="md_theme_secondaryFixed">#D9E2FA</color>
    <color name="md_theme_onSecondaryFixed">#121C2C</color>
    <color name="md_theme_secondaryFixedDim">#BDC6DD</color>
    <color name="md_theme_onSecondaryFixedVariant">#3E475A</color>
    <color name="md_theme_tertiaryFixed">#E4E2E2</color>
    <color name="md_theme_onTertiaryFixed">#1B1C1C</color>
    <color name="md_theme_tertiaryFixedDim">#C7C6C6</color>
    <color name="md_theme_onTertiaryFixedVariant">#464747</color>
    <color name="md_theme_surfaceDim">#DED9D7</color>
    <color name="md_theme_surfaceBright">#FDF8F6</color>
    <color name="md_theme_surfaceContainerLowest">#FFFFFF</color>
    <color name="md_theme_surfaceContainerLow">#F7F3F0</color>
    <color name="md_theme_surfaceContainer">#F2EDEB</color>
    <color name="md_theme_surfaceContainerHigh">#ECE7E5</color>
    <color name="md_theme_surfaceContainerHighest">#E6E1DF</color>
    <color name="md_theme_primary_mediumContrast">#3B352C</color>
    <color name="md_theme_onPrimary_mediumContrast">#FFFFFF</color>
    <color name="md_theme_primaryContainer_mediumContrast">#746C61</color>
    <color name="md_theme_onPrimaryContainer_mediumContrast">#FFFFFF</color>
    <color name="md_theme_secondary_mediumContrast">#182132</color>
    <color name="md_theme_onSecondary_mediumContrast">#FFFFFF</color>
    <color name="md_theme_secondaryContainer_mediumContrast">#2D3648</color>
    <color name="md_theme_onSecondaryContainer_mediumContrast">#BDC6DD</color>
    <color name="md_theme_tertiary_mediumContrast">#363636</color>
    <color name="md_theme_onTertiary_mediumContrast">#FFFFFF</color>
    <color name="md_theme_tertiaryContainer_mediumContrast">#6A6A6A</color>
    <color name="md_theme_onTertiaryContainer_mediumContrast">#FFFFFF</color>
    <color name="md_theme_error_mediumContrast">#740006</color>
    <color name="md_theme_onError_mediumContrast">#FFFFFF</color>
    <color name="md_theme_errorContainer_mediumContrast">#CF2C27</color>
    <color name="md_theme_onErrorContainer_mediumContrast">#FFFFFF</color>
    <color name="md_theme_background_mediumContrast">#FDF8F6</color>
    <color name="md_theme_onBackground_mediumContrast">#1C1B1A</color>
    <color name="md_theme_surface_mediumContrast">#FDF8F6</color>
    <color name="md_theme_onSurface_mediumContrast">#121110</color>
    <color name="md_theme_surfaceVariant_mediumContrast">#EAE1D7</color>
    <color name="md_theme_onSurfaceVariant_mediumContrast">#3A352E</color>
    <color name="md_theme_outline_mediumContrast">#57524A</color>
    <color name="md_theme_outlineVariant_mediumContrast">#726C64</color>
    <color name="md_theme_scrim_mediumContrast">#000000</color>
    <color name="md_theme_inverseSurface_mediumContrast">#32302F</color>
    <color name="md_theme_inverseOnSurface_mediumContrast">#F5F0EE</color>
    <color name="md_theme_inversePrimary_mediumContrast">#CFC5B8</color>
    <color name="md_theme_primaryFixed_mediumContrast">#746C61</color>
    <color name="md_theme_onPrimaryFixed_mediumContrast">#FFFFFF</color>
    <color name="md_theme_primaryFixedDim_mediumContrast">#5B5449</color>
    <color name="md_theme_onPrimaryFixedVariant_mediumContrast">#FFFFFF</color>
    <color name="md_theme_secondaryFixed_mediumContrast">#646D81</color>
    <color name="md_theme_onSecondaryFixed_mediumContrast">#FFFFFF</color>
    <color name="md_theme_secondaryFixedDim_mediumContrast">#4C5568</color>
    <color name="md_theme_onSecondaryFixedVariant_mediumContrast">#FFFFFF</color>
    <color name="md_theme_tertiaryFixed_mediumContrast">#6D6D6D</color>
    <color name="md_theme_onTertiaryFixed_mediumContrast">#FFFFFF</color>
    <color name="md_theme_tertiaryFixedDim_mediumContrast">#545555</color>
    <color name="md_theme_onTertiaryFixedVariant_mediumContrast">#FFFFFF</color>
    <color name="md_theme_surfaceDim_mediumContrast">#CAC6C4</color>
    <color name="md_theme_surfaceBright_mediumContrast">#FDF8F6</color>
    <color name="md_theme_surfaceContainerLowest_mediumContrast">#FFFFFF</color>
    <color name="md_theme_surfaceContainerLow_mediumContrast">#F7F3F0</color>
    <color name="md_theme_surfaceContainer_mediumContrast">#ECE7E5</color>
    <color name="md_theme_surfaceContainerHigh_mediumContrast">#E0DCDA</color>
    <color name="md_theme_surfaceContainerHighest_mediumContrast">#D5D1CF</color>
    <color name="md_theme_primary_highContrast">#312B22</color>
    <color name="md_theme_onPrimary_highContrast">#FFFFFF</color>
    <color name="md_theme_primaryContainer_highContrast">#4F483E</color>
    <color name="md_theme_onPrimaryContainer_highContrast">#FFFFFF</color>
    <color name="md_theme_secondary_highContrast">#182132</color>
    <color name="md_theme_onSecondary_highContrast">#FFFFFF</color>
    <color name="md_theme_secondaryContainer_highContrast">#2D3648</color>
    <color name="md_theme_onSecondaryContainer_highContrast">#F3F5FF</color>
    <color name="md_theme_tertiary_highContrast">#2B2C2C</color>
    <color name="md_theme_onTertiary_highContrast">#FFFFFF</color>
    <color name="md_theme_tertiaryContainer_highContrast">#494949</color>
    <color name="md_theme_onTertiaryContainer_highContrast">#FFFFFF</color>
    <color name="md_theme_error_highContrast">#600004</color>
    <color name="md_theme_onError_highContrast">#FFFFFF</color>
    <color name="md_theme_errorContainer_highContrast">#98000A</color>
    <color name="md_theme_onErrorContainer_highContrast">#FFFFFF</color>
    <color name="md_theme_background_highContrast">#FDF8F6</color>
    <color name="md_theme_onBackground_highContrast">#1C1B1A</color>
    <color name="md_theme_surface_highContrast">#FDF8F6</color>
    <color name="md_theme_onSurface_highContrast">#000000</color>
    <color name="md_theme_surfaceVariant_highContrast">#EAE1D7</color>
    <color name="md_theme_onSurfaceVariant_highContrast">#000000</color>
    <color name="md_theme_outline_highContrast">#302B25</color>
    <color name="md_theme_outlineVariant_highContrast">#4E4841</color>
    <color name="md_theme_scrim_highContrast">#000000</color>
    <color name="md_theme_inverseSurface_highContrast">#32302F</color>
    <color name="md_theme_inverseOnSurface_highContrast">#FFFFFF</color>
    <color name="md_theme_inversePrimary_highContrast">#CFC5B8</color>
    <color name="md_theme_primaryFixed_highContrast">#4F483E</color>
    <color name="md_theme_onPrimaryFixed_highContrast">#FFFFFF</color>
    <color name="md_theme_primaryFixedDim_highContrast">#383228</color>
    <color name="md_theme_onPrimaryFixedVariant_highContrast">#FFFFFF</color>
    <color name="md_theme_secondaryFixed_highContrast">#40495C</color>
    <color name="md_theme_onSecondaryFixed_highContrast">#FFFFFF</color>
    <color name="md_theme_secondaryFixedDim_highContrast">#2A3345</color>
    <color name="md_theme_onSecondaryFixedVariant_highContrast">#FFFFFF</color>
    <color name="md_theme_tertiaryFixed_highContrast">#494949</color>
    <color name="md_theme_onTertiaryFixed_highContrast">#FFFFFF</color>
    <color name="md_theme_tertiaryFixedDim_highContrast">#323333</color>
    <color name="md_theme_onTertiaryFixedVariant_highContrast">#FFFFFF</color>
    <color name="md_theme_surfaceDim_highContrast">#BCB8B6</color>
    <color name="md_theme_surfaceBright_highContrast">#FDF8F6</color>
    <color name="md_theme_surfaceContainerLowest_highContrast">#FFFFFF</color>
    <color name="md_theme_surfaceContainerLow_highContrast">#F5F0EE</color>
    <color name="md_theme_surfaceContainer_highContrast">#E6E1DF</color>
    <color name="md_theme_surfaceContainerHigh_highContrast">#D8D3D1</color>
    <color name="md_theme_surfaceContainerHighest_highContrast">#CAC6C4</color>
</resources>
